System,Normalized Key,Present in System A,Action Required,Timestamp
B,CUST-000910,Yes,Propagate from A,2025-09-16T21:26:56.970239
B,CUST-000898,Yes,Propagate from A,2025-09-16T21:26:56.970276
B,ORD-836527,Yes,Propagate from A,2025-09-16T21:26:56.970282
B,PROD-ODF-000545,Yes,Propagate from A,2025-09-16T21:26:56.970286
B,TXN-002023-000992,Yes,Propagate from A,2025-09-16T21:26:56.970291
B,PROD-AGI-000705,Yes,Propagate from A,2025-09-16T21:26:56.970295
B,TXN-002023-000162,Yes,Propagate from A,2025-09-16T21:26:56.970298
B,CUST-000970,Yes,Propagate from A,2025-09-16T21:26:56.970301
B,ORD-934537,Yes,Propagate from A,2025-09-16T21:26:56.970305
B,CUST-000100,Yes,Propagate from A,2025-09-16T21:26:56.970308
B,ORD-153427,Yes,Propagate from A,2025-09-16T21:26:56.970311
B,TXN-002023-000402,Yes,Propagate from A,2025-09-16T21:26:56.970315
B,ORD-818174,Yes,Propagate from A,2025-09-16T21:26:56.970318
B,CUST-000348,Yes,Propagate from A,2025-09-16T21:26:56.970322
B,CUST-000886,Yes,Propagate from A,2025-09-16T21:26:56.970325
B,CUST-000982,Yes,Propagate from A,2025-09-16T21:26:56.970328
B,ORD-638346,Yes,Propagate from A,2025-09-16T21:26:56.970332
B,ORD-221648,Yes,Propagate from A,2025-09-16T21:26:56.970335
B,TXN-002023-000250,Yes,Propagate from A,2025-09-16T21:26:56.970338
B,CUST-000180,Yes,Propagate from A,2025-09-16T21:26:56.970341
B,ORD-665233,Yes,Propagate from A,2025-09-16T21:26:56.970345
B,TXN-002023-000940,Yes,Propagate from A,2025-09-16T21:26:56.970348
B,CUST-000922,Yes,Propagate from A,2025-09-16T21:26:56.970351
B,TXN-002023-000880,Yes,Propagate from A,2025-09-16T21:26:56.970354
B,CUST-000930,Yes,Propagate from A,2025-09-16T21:26:56.970357
B,CUST-000576,Yes,Propagate from A,2025-09-16T21:26:56.970361
B,TXN-002023-000936,Yes,Propagate from A,2025-09-16T21:26:56.970365
B,TXN-002023-000122,Yes,Propagate from A,2025-09-16T21:26:56.970368
B,CUST-000368,Yes,Propagate from A,2025-09-16T21:26:56.970371
B,PROD-LBF-000649,Yes,Propagate from A,2025-09-16T21:26:56.970375
B,CUST-000748,Yes,Propagate from A,2025-09-16T21:26:56.970378
B,TXN-002023-000738,Yes,Propagate from A,2025-09-16T21:26:56.970381
B,TXN-002023-000394,Yes,Propagate from A,2025-09-16T21:26:56.970385
B,ORD-463271,Yes,Propagate from A,2025-09-16T21:26:56.970389
B,PROD-HHP-000899,Yes,Propagate from A,2025-09-16T21:26:56.970393
B,PROD-PIA-000001,Yes,Propagate from A,2025-09-16T21:26:56.970396
B,PROD-BTQ-000249,Yes,Propagate from A,2025-09-16T21:26:56.970399
B,CUST-000668,Yes,Propagate from A,2025-09-16T21:26:56.970402
B,ORD-549141,Yes,Propagate from A,2025-09-16T21:26:56.970405
B,PROD-EBB-000995,Yes,Propagate from A,2025-09-16T21:26:56.970408
B,PROD-LPA-000285,Yes,Propagate from A,2025-09-16T21:26:56.970413
B,ORD-375151,Yes,Propagate from A,2025-09-16T21:26:56.970416
B,ORD-619045,Yes,Propagate from A,2025-09-16T21:26:56.970419
B,ORD-717853,Yes,Propagate from A,2025-09-16T21:26:56.970422
B,PROD-TRX-000891,Yes,Propagate from A,2025-09-16T21:26:56.970425
B,TXN-002023-000968,Yes,Propagate from A,2025-09-16T21:26:56.970428
B,PROD-UYE-000979,Yes,Propagate from A,2025-09-16T21:26:56.970432
B,ORD-741052,Yes,Propagate from A,2025-09-16T21:26:56.970435
B,PROD-TJT-000947,Yes,Propagate from A,2025-09-16T21:26:56.970438
B,CUST-000942,Yes,Propagate from A,2025-09-16T21:26:56.970441
B,TXN-002023-000406,Yes,Propagate from A,2025-09-16T21:26:56.970444
B,CUST-000914,Yes,Propagate from A,2025-09-16T21:26:56.970448
B,TXN-002023-000892,Yes,Propagate from A,2025-09-16T21:26:56.970452
B,PROD-TCQ-000903,Yes,Propagate from A,2025-09-16T21:26:56.970455
B,PROD-CFV-000157,Yes,Propagate from A,2025-09-16T21:26:56.970458
B,PROD-FEG-000907,Yes,Propagate from A,2025-09-16T21:26:56.970461
B,ORD-280767,Yes,Propagate from A,2025-09-16T21:26:56.970464
B,TXN-002023-000964,Yes,Propagate from A,2025-09-16T21:26:56.970468
B,TXN-002023-000342,Yes,Propagate from A,2025-09-16T21:26:56.970471
B,PROD-QHY-000895,Yes,Propagate from A,2025-09-16T21:26:56.970474
B,TXN-002023-000098,Yes,Propagate from A,2025-09-16T21:26:56.970477
B,PROD-JXT-000033,Yes,Propagate from A,2025-09-16T21:26:56.970480
B,CUST-000934,Yes,Propagate from A,2025-09-16T21:26:56.970483
B,ORD-908653,Yes,Propagate from A,2025-09-16T21:26:56.970486
B,TXN-002023-000932,Yes,Propagate from A,2025-09-16T21:26:56.970491
B,PROD-SJM-000879,Yes,Propagate from A,2025-09-16T21:26:56.970495
B,CUST-000906,Yes,Propagate from A,2025-09-16T21:26:56.970498
B,CUST-000124,Yes,Propagate from A,2025-09-16T21:26:56.970502
B,TXN-002023-000502,Yes,Propagate from A,2025-09-16T21:26:56.970505
B,CUST-000568,Yes,Propagate from A,2025-09-16T21:26:56.970508
B,PROD-OPY-000309,Yes,Propagate from A,2025-09-16T21:26:56.970511
B,CUST-000962,Yes,Propagate from A,2025-09-16T21:26:56.970515
B,CUST-000926,Yes,Propagate from A,2025-09-16T21:26:56.970518
B,CUST-000408,Yes,Propagate from A,2025-09-16T21:26:56.970522
B,ORD-540096,Yes,Propagate from A,2025-09-16T21:26:56.970525
B,PROD-YXU-000241,Yes,Propagate from A,2025-09-16T21:26:56.970529
B,CUST-000036,Yes,Propagate from A,2025-09-16T21:26:56.970535
B,TXN-002023-000666,Yes,Propagate from A,2025-09-16T21:26:56.970539
B,TXN-002023-000912,Yes,Propagate from A,2025-09-16T21:26:56.970543
B,ORD-412303,Yes,Propagate from A,2025-09-16T21:26:56.970546
B,PROD-ASS-000999,Yes,Propagate from A,2025-09-16T21:26:56.970549
B,ORD-701788,Yes,Propagate from A,2025-09-16T21:26:56.970553
B,TXN-002023-000908,Yes,Propagate from A,2025-09-16T21:26:56.970556
B,ORD-941033,Yes,Propagate from A,2025-09-16T21:26:56.970559
B,CUST-000938,Yes,Propagate from A,2025-09-16T21:26:56.970563
B,CUST-000040-,Yes,Propagate from A,2025-09-16T21:26:56.970567
B,ORD-328688,Yes,Propagate from A,2025-09-16T21:26:56.970570
B,PROD-IPB-000205,Yes,Propagate from A,2025-09-16T21:26:56.970573
B,ORD-541641,Yes,Propagate from A,2025-09-16T21:26:56.970577
B,ORD-165599,Yes,Propagate from A,2025-09-16T21:26:56.970581
B,PROD-CHT-000943,Yes,Propagate from A,2025-09-16T21:26:56.970584
B,ORD-249920,Yes,Propagate from A,2025-09-16T21:26:56.970588
B,TXN-002023-000920,Yes,Propagate from A,2025-09-16T21:26:56.970596
B,CUST-000420,Yes,Propagate from A,2025-09-16T21:26:56.970600
B,ORD-429164,Yes,Propagate from A,2025-09-16T21:26:56.970604
B,CUST-000874,Yes,Propagate from A,2025-09-16T21:26:56.970608
B,PROD-ORN-000713,Yes,Propagate from A,2025-09-16T21:26:56.970611
B,TXN-002023-000434,Yes,Propagate from A,2025-09-16T21:26:56.970615
B,TXN-002023-000988,Yes,Propagate from A,2025-09-16T21:26:56.970618
B,CUST-000894,Yes,Propagate from A,2025-09-16T21:26:56.970622
B,ORD-808572,Yes,Propagate from A,2025-09-16T21:26:56.970626
B,ORD-750344,Yes,Propagate from A,2025-09-16T21:26:56.970629
B,CUST-000424,Yes,Propagate from A,2025-09-16T21:26:56.970632
B,PROD-PSO-000971,Yes,Propagate from A,2025-09-16T21:26:56.970635
B,ORD-829678,Yes,Propagate from A,2025-09-16T21:26:56.970639
B,ORD-443886,Yes,Propagate from A,2025-09-16T21:26:56.970642
B,ORD-888399,Yes,Propagate from A,2025-09-16T21:26:56.970646
B,ORD-632080,Yes,Propagate from A,2025-09-16T21:26:56.970649
B,TXN-002023-000872,Yes,Propagate from A,2025-09-16T21:26:56.970653
B,CUST-000882,Yes,Propagate from A,2025-09-16T21:26:56.970657
B,TXN-002023-000330,Yes,Propagate from A,2025-09-16T21:26:56.970660
B,ORD-288672,Yes,Propagate from A,2025-09-16T21:26:56.970664
B,CUST-000870,Yes,Propagate from A,2025-09-16T21:26:56.970667
B,CUST-000890,Yes,Propagate from A,2025-09-16T21:26:56.970670
B,TXN-002023-000896,Yes,Propagate from A,2025-09-16T21:26:56.970674
B,CUST-000268,Yes,Propagate from A,2025-09-16T21:26:56.970677
B,TXN-002023-000262,Yes,Propagate from A,2025-09-16T21:26:56.970681
B,PROD-PLN-000939,Yes,Propagate from A,2025-09-16T21:26:56.970684
B,PROD-ROC-000967,Yes,Propagate from A,2025-09-16T21:26:56.970688
B,PROD-HFQ-000951,Yes,Propagate from A,2025-09-16T21:26:56.970691
B,CUST-000990,Yes,Propagate from A,2025-09-16T21:26:56.970695
B,ORD-524816,Yes,Propagate from A,2025-09-16T21:26:56.970699
B,TXN-002023-000876,Yes,Propagate from A,2025-09-16T21:26:56.970703
B,ORD-504982,Yes,Propagate from A,2025-09-16T21:26:56.970706
B,TXN-002023-000698,Yes,Propagate from A,2025-09-16T21:26:56.970710
B,TXN-002023-000390,Yes,Propagate from A,2025-09-16T21:26:56.970713
B,TXN-002023-000948,Yes,Propagate from A,2025-09-16T21:26:56.970717
B,PROD-BCI-000313,Yes,Propagate from A,2025-09-16T21:26:56.970721
B,TXN-002023-000884,Yes,Propagate from A,2025-09-16T21:26:56.970727
B,ORD-151372,Yes,Propagate from A,2025-09-16T21:26:56.970731
B,PROD-RRW-000045,Yes,Propagate from A,2025-09-16T21:26:56.970735
B,ORD-438709,Yes,Propagate from A,2025-09-16T21:26:56.970738
B,CUST-000540,Yes,Propagate from A,2025-09-16T21:26:56.970741
B,ORD-681466,Yes,Propagate from A,2025-09-16T21:26:56.970745
B,TXN-002023-000490,Yes,Propagate from A,2025-09-16T21:26:56.970748
B,PROD-TGY-000637,Yes,Propagate from A,2025-09-16T21:26:56.970751
B,ORD-207132,Yes,Propagate from A,2025-09-16T21:26:56.970755
B,PROD-ZGL-000065,Yes,Propagate from A,2025-09-16T21:26:56.970759
B,PROD-WSC-000887,Yes,Propagate from A,2025-09-16T21:26:56.970762
B,TXN-002023-000278,Yes,Propagate from A,2025-09-16T21:26:56.970765
B,CUST-000224,Yes,Propagate from A,2025-09-16T21:26:56.970768
B,ORD-123605,Yes,Propagate from A,2025-09-16T21:26:56.970772
B,ORD-768532,Yes,Propagate from A,2025-09-16T21:26:56.970775
B,ORD-615234,Yes,Propagate from A,2025-09-16T21:26:56.970779
B,PROD-NOO-000963,Yes,Propagate from A,2025-09-16T21:26:56.970782
B,PROD-ELJ-000009,Yes,Propagate from A,2025-09-16T21:26:56.970785
B,TXN-002023-000960,Yes,Propagate from A,2025-09-16T21:26:56.970789
B,CUST-000998,Yes,Propagate from A,2025-09-16T21:26:56.970792
B,TXN-002023-000050,Yes,Propagate from A,2025-09-16T21:26:56.970799
B,CUST-000994,Yes,Propagate from A,2025-09-16T21:26:56.970803
B,ORD-904551,Yes,Propagate from A,2025-09-16T21:26:56.970806
B,PROD-XBF-000911,Yes,Propagate from A,2025-09-16T21:26:56.970810
B,CUST-000966,Yes,Propagate from A,2025-09-16T21:26:56.970813
B,ORD-842736,Yes,Propagate from A,2025-09-16T21:26:56.970817
B,ORD-521567,Yes,Propagate from A,2025-09-16T21:26:56.970820
B,ORD-939225,Yes,Propagate from A,2025-09-16T21:26:56.970823
B,TXN-002023-000190,Yes,Propagate from A,2025-09-16T21:26:56.970826
B,ORD-201032,Yes,Propagate from A,2025-09-16T21:26:56.970830
B,ORD-975024,Yes,Propagate from A,2025-09-16T21:26:56.970833
B,CUST-000946,Yes,Propagate from A,2025-09-16T21:26:56.970836
B,TXN-002023-000916,Yes,Propagate from A,2025-09-16T21:26:56.970839
B,ORD-117241,Yes,Propagate from A,2025-09-16T21:26:56.970843
B,TXN-002023-000730,Yes,Propagate from A,2025-09-16T21:26:56.970846
B,ORD-376971,Yes,Propagate from A,2025-09-16T21:26:56.970849
B,CUST-000560,Yes,Propagate from A,2025-09-16T21:26:56.970853
B,PROD-URC-000987,Yes,Propagate from A,2025-09-16T21:26:56.970856
B,TXN-002023-000710,Yes,Propagate from A,2025-09-16T21:26:56.970859
B,ORD-964321,Yes,Propagate from A,2025-09-16T21:26:56.970862
B,TXN-002023-000218,Yes,Propagate from A,2025-09-16T21:26:56.970865
B,ORD-969441,Yes,Propagate from A,2025-09-16T21:26:56.970869
B,TXN-002023-000976,Yes,Propagate from A,2025-09-16T21:26:56.970872
B,ORD-702823,Yes,Propagate from A,2025-09-16T21:26:56.970875
B,TXN-002023-000062,Yes,Propagate from A,2025-09-16T21:26:56.970881
B,PROD-GUB-000955,Yes,Propagate from A,2025-09-16T21:26:56.970885
B,TXN-002023-000928,Yes,Propagate from A,2025-09-16T21:26:56.970888
B,PROD-WPE-000037,Yes,Propagate from A,2025-09-16T21:26:56.970891
B,TXN-002023-000186,Yes,Propagate from A,2025-09-16T21:26:56.970895
B,PROD-DGO-000329,Yes,Propagate from A,2025-09-16T21:26:56.970898
B,PROD-FPY-000453,Yes,Propagate from A,2025-09-16T21:26:56.970901
B,PROD-WWT-000935,Yes,Propagate from A,2025-09-16T21:26:56.970904
B,CUST-000974,Yes,Propagate from A,2025-09-16T21:26:56.970908
B,TXN-002023-000370,Yes,Propagate from A,2025-09-16T21:26:56.970911
B,ORD-414923,Yes,Propagate from A,2025-09-16T21:26:56.970915
B,ORD-476220,Yes,Propagate from A,2025-09-16T21:26:56.970918
B,PROD-LZA-000317,Yes,Propagate from A,2025-09-16T21:26:56.970921
B,TXN-002023-000222,Yes,Propagate from A,2025-09-16T21:26:56.970925
B,CUST-000228,Yes,Propagate from A,2025-09-16T21:26:56.970929
B,TXN-002023-000952,Yes,Propagate from A,2025-09-16T21:26:56.970932
B,PROD-DMC-000573,Yes,Propagate from A,2025-09-16T21:26:56.970936
B,PROD-SUX-000521,Yes,Propagate from A,2025-09-16T21:26:56.970940
B,ORD-582701,Yes,Propagate from A,2025-09-16T21:26:56.970943
B,ORD-671959,Yes,Propagate from A,2025-09-16T21:26:56.970947
B,ORD-374850,Yes,Propagate from A,2025-09-16T21:26:56.970950
B,PROD-PHG-000931,Yes,Propagate from A,2025-09-16T21:26:56.970954
B,CUST-000958,Yes,Propagate from A,2025-09-16T21:26:56.970957
B,PROD-XWI-000991,Yes,Propagate from A,2025-09-16T21:26:56.970961
B,ORD-496195,Yes,Propagate from A,2025-09-16T21:26:56.970964
B,TXN-002023-000924,Yes,Propagate from A,2025-09-16T21:26:56.970968
B,PROD-EVI-000975,Yes,Propagate from A,2025-09-16T21:26:56.970971
B,CUST-000986,Yes,Propagate from A,2025-09-16T21:26:56.970974
B,CUST-000688,Yes,Propagate from A,2025-09-16T21:26:56.970978
B,TXN-002023-000074,Yes,Propagate from A,2025-09-16T21:26:56.970981
B,TXN-002023-000900,Yes,Propagate from A,2025-09-16T21:26:56.970984
B,CUST-000950,Yes,Propagate from A,2025-09-16T21:26:56.970988
B,ORD-687072,Yes,Propagate from A,2025-09-16T21:26:56.970992
B,CUST-000204,Yes,Propagate from A,2025-09-16T21:26:56.970995
B,PROD-SHN-000413,Yes,Propagate from A,2025-09-16T21:26:56.970998
B,CUST-000572,Yes,Propagate from A,2025-09-16T21:26:56.971002
B,TXN-002023-000904,Yes,Propagate from A,2025-09-16T21:26:56.971006
B,CUST-000020,Yes,Propagate from A,2025-09-16T21:26:56.971009
B,TXN-002023-000996,Yes,Propagate from A,2025-09-16T21:26:56.971013
B,ORD-548067,Yes,Propagate from A,2025-09-16T21:26:56.971016
B,CUST-000918,Yes,Propagate from A,2025-09-16T21:26:56.971019
B,ORD-194831,Yes,Propagate from A,2025-09-16T21:26:56.971023
B,ORD-149914,Yes,Propagate from A,2025-09-16T21:26:56.971026
B,ORD-525714,Yes,Propagate from A,2025-09-16T21:26:56.971030
B,PROD-BPF-000927,Yes,Propagate from A,2025-09-16T21:26:56.971033
B,ORD-716796,Yes,Propagate from A,2025-09-16T21:26:56.971037
B,PROD-TNZ-000983,Yes,Propagate from A,2025-09-16T21:26:56.971041
B,CUST-000704,Yes,Propagate from A,2025-09-16T21:26:56.971044
B,PROD-DBU-000097,Yes,Propagate from A,2025-09-16T21:26:56.971047
B,TXN-002023-000514,Yes,Propagate from A,2025-09-16T21:26:56.971051
B,TXN-002023-000094,Yes,Propagate from A,2025-09-16T21:26:56.971055
B,CUST-000088,Yes,Propagate from A,2025-09-16T21:26:56.971059
B,CUST-000902,Yes,Propagate from A,2025-09-16T21:26:56.971062
B,CUST-000084,Yes,Propagate from A,2025-09-16T21:26:56.971065
B,CUST-000288,Yes,Propagate from A,2025-09-16T21:26:56.971069
B,CUST-000000,Yes,Propagate from A,2025-09-16T21:26:56.971072
B,ORD-967441,Yes,Propagate from A,2025-09-16T21:26:56.971076
B,TXN-002023-000980,Yes,Propagate from A,2025-09-16T21:26:56.971080
B,PROD-ZQC-000875,Yes,Propagate from A,2025-09-16T21:26:56.971084
B,ORD-453835,Yes,Propagate from A,2025-09-16T21:26:56.971087
B,TXN-002023-000118,Yes,Propagate from A,2025-09-16T21:26:56.971093
B,TXN-002023-000090,Yes,Propagate from A,2025-09-16T21:26:56.971096
B,TXN-002023-000972,Yes,Propagate from A,2025-09-16T21:26:56.971100
B,PROD-RND-000621,Yes,Propagate from A,2025-09-16T21:26:56.971104
B,CUST-000644,Yes,Propagate from A,2025-09-16T21:26:56.971107
B,ORD-280211,Yes,Propagate from A,2025-09-16T21:26:56.971110
C,CUST-000910,Yes,Propagate from A,2025-09-16T21:26:56.971118
C,ORD-150054,Yes,Propagate from A,2025-09-16T21:26:56.971122
C,CUST-000898,Yes,Propagate from A,2025-09-16T21:26:56.971125
C,ORD-285804,Yes,Propagate from A,2025-09-16T21:26:56.971128
C,PROD-BHQ-000021,Yes,Propagate from A,2025-09-16T21:26:56.971132
C,PROD-FDA-000425,Yes,Propagate from A,2025-09-16T21:26:56.971135
C,TXN-002023-000992,Yes,Propagate from A,2025-09-16T21:26:56.971138
C,CUST-000716,Yes,Propagate from A,2025-09-16T21:26:56.971142
C,ORD-284759,Yes,Propagate from A,2025-09-16T21:26:56.971145
C,CUST-000152,Yes,Propagate from A,2025-09-16T21:26:56.971149
C,TXN-002023-000162,Yes,Propagate from A,2025-09-16T21:26:56.971153
C,TXN-002023-000158,Yes,Propagate from A,2025-09-16T21:26:56.971157
C,TXN-002023-000142,Yes,Propagate from A,2025-09-16T21:26:56.971160
C,CUST-000970,Yes,Propagate from A,2025-09-16T21:26:56.971163
C,CUST-000600,Yes,Propagate from A,2025-09-16T21:26:56.971167
C,TXN-002023-000446,Yes,Propagate from A,2025-09-16T21:26:56.971170
C,PROD-NGA-000485,Yes,Propagate from A,2025-09-16T21:26:56.971174
C,TXN-002023-000482,Yes,Propagate from A,2025-09-16T21:26:56.971177
C,PROD-PLH-000697,Yes,Propagate from A,2025-09-16T21:26:56.971180
C,CUST-000080,Yes,Propagate from A,2025-09-16T21:26:56.971183
C,CUST-000320,Yes,Propagate from A,2025-09-16T21:26:56.971186
C,CUST-000886,Yes,Propagate from A,2025-09-16T21:26:56.971189
C,CUST-000982,Yes,Propagate from A,2025-09-16T21:26:56.971192
C,ORD-638346,Yes,Propagate from A,2025-09-16T21:26:56.971196
C,ORD-221648,Yes,Propagate from A,2025-09-16T21:26:56.971199
C,TXN-002023-000940,Yes,Propagate from A,2025-09-16T21:26:56.971202
C,TXN-002023-000034,Yes,Propagate from A,2025-09-16T21:26:56.971206
C,CUST-000922,Yes,Propagate from A,2025-09-16T21:26:56.971209
C,PROD-QRA-000737,Yes,Propagate from A,2025-09-16T21:26:56.971212
C,TXN-002023-000880,Yes,Propagate from A,2025-09-16T21:26:56.971215
C,ORD-183277,Yes,Propagate from A,2025-09-16T21:26:56.971220
C,TXN-002023-000550,Yes,Propagate from A,2025-09-16T21:26:56.971223
C,TXN-002023-000350,Yes,Propagate from A,2025-09-16T21:26:56.971228
C,CUST-000930,Yes,Propagate from A,2025-09-16T21:26:56.971231
C,CUST-000284,Yes,Propagate from A,2025-09-16T21:26:56.971235
C,TXN-002023-000002,Yes,Propagate from A,2025-09-16T21:26:56.971239
C,PROD-OFF-000145,Yes,Propagate from A,2025-09-16T21:26:56.971242
C,CUST-000140,Yes,Propagate from A,2025-09-16T21:26:56.971245
C,TXN-002023-000936,Yes,Propagate from A,2025-09-16T21:26:56.971248
C,TXN-002023-000122,Yes,Propagate from A,2025-09-16T21:26:56.971251
C,PROD-MKO-000409,Yes,Propagate from A,2025-09-16T21:26:56.971254
C,CUST-000368,Yes,Propagate from A,2025-09-16T21:26:56.971258
C,PROD-HHP-000899,Yes,Propagate from A,2025-09-16T21:26:56.971261
C,PROD-PIA-000001,Yes,Propagate from A,2025-09-16T21:26:56.971264
C,TXN-002023-000670,Yes,Propagate from A,2025-09-16T21:26:56.971267
C,PROD-EBB-000995,Yes,Propagate from A,2025-09-16T21:26:56.971270
C,ORD-406488,Yes,Propagate from A,2025-09-16T21:26:56.971274
C,PROD-LPA-000285,Yes,Propagate from A,2025-09-16T21:26:56.971277
C,ORD-619045,Yes,Propagate from A,2025-09-16T21:26:56.971281
C,TXN-002023-000238,Yes,Propagate from A,2025-09-16T21:26:56.971284
C,TXN-002023-000038,Yes,Propagate from A,2025-09-16T21:26:56.971287
C,PROD-TRX-000891,Yes,Propagate from A,2025-09-16T21:26:56.971367
C,ORD-717853,Yes,Propagate from A,2025-09-16T21:26:56.971379
C,TXN-002023-000968,Yes,Propagate from A,2025-09-16T21:26:56.971382
C,PROD-UYE-000979,Yes,Propagate from A,2025-09-16T21:26:56.971386
C,PROD-TJT-000947,Yes,Propagate from A,2025-09-16T21:26:56.971389
C,CUST-000942,Yes,Propagate from A,2025-09-16T21:26:56.971392
C,CUST-000456,Yes,Propagate from A,2025-09-16T21:26:56.971395
C,TXN-002023-000406,Yes,Propagate from A,2025-09-16T21:26:56.971399
C,CUST-000914,Yes,Propagate from A,2025-09-16T21:26:56.971402
C,TXN-002023-000892,Yes,Propagate from A,2025-09-16T21:26:56.971405
C,PROD-TCQ-000903,Yes,Propagate from A,2025-09-16T21:26:56.971408
C,PROD-FTP-000149,Yes,Propagate from A,2025-09-16T21:26:56.971412
C,PROD-FEG-000907,Yes,Propagate from A,2025-09-16T21:26:56.971415
C,ORD-280767,Yes,Propagate from A,2025-09-16T21:26:56.971418
C,TXN-002023-000542,Yes,Propagate from A,2025-09-16T21:26:56.971421
C,TXN-002023-000964,Yes,Propagate from A,2025-09-16T21:26:56.971424
C,TXN-002023-000242,Yes,Propagate from A,2025-09-16T21:26:56.971427
C,PROD-QHY-000895,Yes,Propagate from A,2025-09-16T21:26:56.971430
C,CUST-000708,Yes,Propagate from A,2025-09-16T21:26:56.971433
C,PROD-JXT-000033,Yes,Propagate from A,2025-09-16T21:26:56.971443
C,ORD-115071,Yes,Propagate from A,2025-09-16T21:26:56.971447
C,CUST-000934,Yes,Propagate from A,2025-09-16T21:26:56.971451
C,ORD-908653,Yes,Propagate from A,2025-09-16T21:26:56.971454
C,TXN-002023-000932,Yes,Propagate from A,2025-09-16T21:26:56.971457
C,PROD-FHT-000117,Yes,Propagate from A,2025-09-16T21:26:56.971461
C,PROD-SJM-000879,Yes,Propagate from A,2025-09-16T21:26:56.971465
C,CUST-000906,Yes,Propagate from A,2025-09-16T21:26:56.971468
C,CUST-000962,Yes,Propagate from A,2025-09-16T21:26:56.971471
C,CUST-000926,Yes,Propagate from A,2025-09-16T21:26:56.971475
C,TXN-002023-000718,Yes,Propagate from A,2025-09-16T21:26:56.971478
C,PROD-QOE-000229,Yes,Propagate from A,2025-09-16T21:26:56.971481
C,PROD-YXU-000241,Yes,Propagate from A,2025-09-16T21:26:56.971484
C,PROD-VTS-000625,Yes,Propagate from A,2025-09-16T21:26:56.971488
C,PROD-AIM-000729,Yes,Propagate from A,2025-09-16T21:26:56.971491
C,TXN-002023-000912,Yes,Propagate from A,2025-09-16T21:26:56.971494
C,PROD-PMV-000569,Yes,Propagate from A,2025-09-16T21:26:56.971497
C,CUST-000092,Yes,Propagate from A,2025-09-16T21:26:56.971501
C,ORD-264865,Yes,Propagate from A,2025-09-16T21:26:56.971504
C,ORD-669365,Yes,Propagate from A,2025-09-16T21:26:56.971507
C,CUST-000312,Yes,Propagate from A,2025-09-16T21:26:56.971510
C,PROD-ASS-000999,Yes,Propagate from A,2025-09-16T21:26:56.971513
C,ORD-701788,Yes,Propagate from A,2025-09-16T21:26:56.971516
C,TXN-002023-000908,Yes,Propagate from A,2025-09-16T21:26:56.971519
C,CUST-000938,Yes,Propagate from A,2025-09-16T21:26:56.971522
C,CUST-000040-,Yes,Propagate from A,2025-09-16T21:26:56.971525
C,ORD-328688,Yes,Propagate from A,2025-09-16T21:26:56.971528
C,TXN-002023-000418,Yes,Propagate from A,2025-09-16T21:26:56.971531
C,ORD-165599,Yes,Propagate from A,2025-09-16T21:26:56.971534
C,PROD-CHT-000943,Yes,Propagate from A,2025-09-16T21:26:56.971537
C,ORD-249920,Yes,Propagate from A,2025-09-16T21:26:56.971540
C,TXN-002023-000920,Yes,Propagate from A,2025-09-16T21:26:56.971543
C,ORD-429164,Yes,Propagate from A,2025-09-16T21:26:56.971546
C,CUST-000874,Yes,Propagate from A,2025-09-16T21:26:56.971549
C,CUST-000894,Yes,Propagate from A,2025-09-16T21:26:56.971553
C,ORD-808572,Yes,Propagate from A,2025-09-16T21:26:56.971557
C,TXN-002023-000022,Yes,Propagate from A,2025-09-16T21:26:56.971560
C,CUST-000280,Yes,Propagate from A,2025-09-16T21:26:56.971563
C,CUST-000116,Yes,Propagate from A,2025-09-16T21:26:56.971566
C,PROD-PSO-000971,Yes,Propagate from A,2025-09-16T21:26:56.971569
C,ORD-829678,Yes,Propagate from A,2025-09-16T21:26:56.971572
C,CUST-000072,Yes,Propagate from A,2025-09-16T21:26:56.971575
C,ORD-443886,Yes,Propagate from A,2025-09-16T21:26:56.971579
C,ORD-888399,Yes,Propagate from A,2025-09-16T21:26:56.971582
C,PROD-DYQ-000473,Yes,Propagate from A,2025-09-16T21:26:56.971585
C,ORD-632080,Yes,Propagate from A,2025-09-16T21:26:56.971589
C,TXN-002023-000872,Yes,Propagate from A,2025-09-16T21:26:56.971592
C,CUST-000882,Yes,Propagate from A,2025-09-16T21:26:56.971595
C,ORD-989168,Yes,Propagate from A,2025-09-16T21:26:56.971598
C,CUST-000870,Yes,Propagate from A,2025-09-16T21:26:56.971601
C,CUST-000890,Yes,Propagate from A,2025-09-16T21:26:56.971605
C,TXN-002023-000896,Yes,Propagate from A,2025-09-16T21:26:56.971608
C,CUST-000268,Yes,Propagate from A,2025-09-16T21:26:56.971611
C,TXN-002023-000262,Yes,Propagate from A,2025-09-16T21:26:56.971614
C,PROD-PLN-000939,Yes,Propagate from A,2025-09-16T21:26:56.971617
C,PROD-ROC-000967,Yes,Propagate from A,2025-09-16T21:26:56.971620
C,PROD-HFQ-000951,Yes,Propagate from A,2025-09-16T21:26:56.971624
C,TXN-002023-000318,Yes,Propagate from A,2025-09-16T21:26:56.971627
C,CUST-000990,Yes,Propagate from A,2025-09-16T21:26:56.971630
C,CUST-000484,Yes,Propagate from A,2025-09-16T21:26:56.971634
C,ORD-161189,Yes,Propagate from A,2025-09-16T21:26:56.971637
C,TXN-002023-000018,Yes,Propagate from A,2025-09-16T21:26:56.971640
C,ORD-524816,Yes,Propagate from A,2025-09-16T21:26:56.971643
C,ORD-251950,Yes,Propagate from A,2025-09-16T21:26:56.971646
C,TXN-002023-000876,Yes,Propagate from A,2025-09-16T21:26:56.971649
C,ORD-519570,Yes,Propagate from A,2025-09-16T21:26:56.971652
C,TXN-002023-000948,Yes,Propagate from A,2025-09-16T21:26:56.971655
C,CUST-000076,Yes,Propagate from A,2025-09-16T21:26:56.971658
C,CUST-000680,Yes,Propagate from A,2025-09-16T21:26:56.971662
C,TXN-002023-000884,Yes,Propagate from A,2025-09-16T21:26:56.971665
C,TXN-002023-000538,Yes,Propagate from A,2025-09-16T21:26:56.971669
C,ORD-438709,Yes,Propagate from A,2025-09-16T21:26:56.971672
C,ORD-757151,Yes,Propagate from A,2025-09-16T21:26:56.971675
C,CUST-000540,Yes,Propagate from A,2025-09-16T21:26:56.971678
C,ORD-207132,Yes,Propagate from A,2025-09-16T21:26:56.971681
C,PROD-WSC-000887,Yes,Propagate from A,2025-09-16T21:26:56.971684
C,TXN-002023-000450,Yes,Propagate from A,2025-09-16T21:26:56.971688
C,ORD-768532,Yes,Propagate from A,2025-09-16T21:26:56.971691
C,ORD-615234,Yes,Propagate from A,2025-09-16T21:26:56.971694
C,ORD-201199,Yes,Propagate from A,2025-09-16T21:26:56.971697
C,PROD-NOO-000963,Yes,Propagate from A,2025-09-16T21:26:56.971700
C,TXN-002023-000960,Yes,Propagate from A,2025-09-16T21:26:56.971704
C,CUST-000998,Yes,Propagate from A,2025-09-16T21:26:56.971707
C,CUST-000994,Yes,Propagate from A,2025-09-16T21:26:56.971710
C,CUST-000656,Yes,Propagate from A,2025-09-16T21:26:56.971713
C,PROD-XBF-000911,Yes,Propagate from A,2025-09-16T21:26:56.971716
C,CUST-000966,Yes,Propagate from A,2025-09-16T21:26:56.971719
C,ORD-222664,Yes,Propagate from A,2025-09-16T21:26:56.971722
C,ORD-842736,Yes,Propagate from A,2025-09-16T21:26:56.971726
C,ORD-521567,Yes,Propagate from A,2025-09-16T21:26:56.971729
C,ORD-751605,Yes,Propagate from A,2025-09-16T21:26:56.971732
C,TXN-002023-000642,Yes,Propagate from A,2025-09-16T21:26:56.971736
C,ORD-201032,Yes,Propagate from A,2025-09-16T21:26:56.971742
C,ORD-939225,Yes,Propagate from A,2025-09-16T21:26:56.971746
C,ORD-352792,Yes,Propagate from A,2025-09-16T21:26:56.971750
C,CUST-000946,Yes,Propagate from A,2025-09-16T21:26:56.971753
C,TXN-002023-000916,Yes,Propagate from A,2025-09-16T21:26:56.971756
C,ORD-117241,Yes,Propagate from A,2025-09-16T21:26:56.971759
C,ORD-376971,Yes,Propagate from A,2025-09-16T21:26:56.971762
C,TXN-002023-000610,Yes,Propagate from A,2025-09-16T21:26:56.971765
C,TXN-002023-000218,Yes,Propagate from A,2025-09-16T21:26:56.971769
C,CUST-000588,Yes,Propagate from A,2025-09-16T21:26:56.971772
C,ORD-969441,Yes,Propagate from A,2025-09-16T21:26:56.971775
C,TXN-002023-000976,Yes,Propagate from A,2025-09-16T21:26:56.971778
C,CUST-000400,Yes,Propagate from A,2025-09-16T21:26:56.971781
C,PROD-GUB-000955,Yes,Propagate from A,2025-09-16T21:26:56.971784
C,PROD-MYV-000265,Yes,Propagate from A,2025-09-16T21:26:56.971787
C,TXN-002023-000928,Yes,Propagate from A,2025-09-16T21:26:56.971791
C,PROD-XCV-000369,Yes,Propagate from A,2025-09-16T21:26:56.971794
C,TXN-002023-000186,Yes,Propagate from A,2025-09-16T21:26:56.971798
C,CUST-000328,Yes,Propagate from A,2025-09-16T21:26:56.971801
C,CUST-000476,Yes,Propagate from A,2025-09-16T21:26:56.971805
C,CUST-000120,Yes,Propagate from A,2025-09-16T21:26:56.971808
C,PROD-WWT-000935,Yes,Propagate from A,2025-09-16T21:26:56.971811
C,CUST-000974,Yes,Propagate from A,2025-09-16T21:26:56.971814
C,ORD-414923,Yes,Propagate from A,2025-09-16T21:26:56.971817
C,PROD-BKW-000477,Yes,Propagate from A,2025-09-16T21:26:56.971910
C,ORD-476220,Yes,Propagate from A,2025-09-16T21:26:56.971925
C,PROD-LZA-000317,Yes,Propagate from A,2025-09-16T21:26:56.971929
C,TXN-002023-000952,Yes,Propagate from A,2025-09-16T21:26:56.971933
C,PROD-QOI-000129,Yes,Propagate from A,2025-09-16T21:26:56.971936
C,ORD-207057,Yes,Propagate from A,2025-09-16T21:26:56.971939
C,CUST-000620,Yes,Propagate from A,2025-09-16T21:26:56.971943
C,ORD-374850,Yes,Propagate from A,2025-09-16T21:26:56.971946
C,ORD-998583,Yes,Propagate from A,2025-09-16T21:26:56.971949
C,ORD-671959,Yes,Propagate from A,2025-09-16T21:26:56.971954
C,CUST-000958,Yes,Propagate from A,2025-09-16T21:26:56.971958
C,PROD-PHG-000931,Yes,Propagate from A,2025-09-16T21:26:56.971962
C,PROD-XWI-000991,Yes,Propagate from A,2025-09-16T21:26:56.971965
C,ORD-496195,Yes,Propagate from A,2025-09-16T21:26:56.971969
C,TXN-002023-000924,Yes,Propagate from A,2025-09-16T21:26:56.971972
C,PROD-EVI-000975,Yes,Propagate from A,2025-09-16T21:26:56.971975
C,ORD-840194,Yes,Propagate from A,2025-09-16T21:26:56.971978
C,TXN-002023-000900,Yes,Propagate from A,2025-09-16T21:26:56.971981
C,CUST-000950,Yes,Propagate from A,2025-09-16T21:26:56.971985
C,CUST-000232,Yes,Propagate from A,2025-09-16T21:26:56.971988
C,CUST-000986,Yes,Propagate from A,2025-09-16T21:26:56.971991
C,TXN-002023-000904,Yes,Propagate from A,2025-09-16T21:26:56.971994
C,PROD-DYG-000469,Yes,Propagate from A,2025-09-16T21:26:56.971998
C,PROD-WYB-000385,Yes,Propagate from A,2025-09-16T21:26:56.972001
C,TXN-002023-000996,Yes,Propagate from A,2025-09-16T21:26:56.972004
C,ORD-829749,Yes,Propagate from A,2025-09-16T21:26:56.972008
C,ORD-548067,Yes,Propagate from A,2025-09-16T21:26:56.972011
C,CUST-000918,Yes,Propagate from A,2025-09-16T21:26:56.972014
C,ORD-706437,Yes,Propagate from A,2025-09-16T21:26:56.972017
C,ORD-194831,Yes,Propagate from A,2025-09-16T21:26:56.972021
C,CUST-000440,Yes,Propagate from A,2025-09-16T21:26:56.972024
C,PROD-IUT-000297,Yes,Propagate from A,2025-09-16T21:26:56.972027
C,ORD-149914,Yes,Propagate from A,2025-09-16T21:26:56.972036
C,CUST-000508,Yes,Propagate from A,2025-09-16T21:26:56.972040
C,PROD-BPF-000927,Yes,Propagate from A,2025-09-16T21:26:56.972043
C,PROD-TNZ-000983,Yes,Propagate from A,2025-09-16T21:26:56.972046
C,CUST-000712,Yes,Propagate from A,2025-09-16T21:26:56.972049
C,PROD-DBU-000097,Yes,Propagate from A,2025-09-16T21:26:56.972053
C,PROD-ASG-000433,Yes,Propagate from A,2025-09-16T21:26:56.972056
C,TXN-002023-000474,Yes,Propagate from A,2025-09-16T21:26:56.972059
C,CUST-000200,Yes,Propagate from A,2025-09-16T21:26:56.972063
C,CUST-000902,Yes,Propagate from A,2025-09-16T21:26:56.972066
C,CUST-000084,Yes,Propagate from A,2025-09-16T21:26:56.972069
C,PROD-QWX-000013,Yes,Propagate from A,2025-09-16T21:26:56.972073
C,CUST-000000,Yes,Propagate from A,2025-09-16T21:26:56.972076
C,TXN-002023-000980,Yes,Propagate from A,2025-09-16T21:26:56.972079
C,PROD-ZQC-000875,Yes,Propagate from A,2025-09-16T21:26:56.972083
C,ORD-453835,Yes,Propagate from A,2025-09-16T21:26:56.972086
C,PROD-UCV-000321,Yes,Propagate from A,2025-09-16T21:26:56.972089
C,TXN-002023-000118,Yes,Propagate from A,2025-09-16T21:26:56.972093
C,ORD-334199,Yes,Propagate from A,2025-09-16T21:26:56.972096
C,PROD-UAZ-000361,Yes,Propagate from A,2025-09-16T21:26:56.972099
C,TXN-002023-000090,Yes,Propagate from A,2025-09-16T21:26:56.972103
C,TXN-002023-000972,Yes,Propagate from A,2025-09-16T21:26:56.972106
C,PROD-URC-000987,Yes,Propagate from A,2025-09-16T21:26:56.972110
C,PROD-III-000113,Yes,Propagate from A,2025-09-16T21:26:56.972113
C,TXN-002023-000988,Yes,Propagate from A,2025-09-16T21:26:56.972116
C,ORD-280211,Yes,Propagate from A,2025-09-16T21:26:56.972120
D,CUST-000910,Yes,Propagate from A,2025-09-16T21:26:56.972127
D,CUST-000898,Yes,Propagate from A,2025-09-16T21:26:56.972130
D,TXN-002023-000992,Yes,Propagate from A,2025-09-16T21:26:56.972134
D,ORD-284759,Yes,Propagate from A,2025-09-16T21:26:56.972137
D,CUST-000970,Yes,Propagate from A,2025-09-16T21:26:56.972141
D,TXN-002023-000142,Yes,Propagate from A,2025-09-16T21:26:56.972144
D,CUST-000292,Yes,Propagate from A,2025-09-16T21:26:56.972148
D,PROD-OZD-000373,Yes,Propagate from A,2025-09-16T21:26:56.972151
D,ORD-153427,Yes,Propagate from A,2025-09-16T21:26:56.972154
D,PROD-BZA-000209,Yes,Propagate from A,2025-09-16T21:26:56.972158
D,CUST-000080,Yes,Propagate from A,2025-09-16T21:26:56.972161
D,CUST-000886,Yes,Propagate from A,2025-09-16T21:26:56.972164
D,CUST-000982,Yes,Propagate from A,2025-09-16T21:26:56.972168
D,ORD-638346,Yes,Propagate from A,2025-09-16T21:26:56.972171
D,ORD-221648,Yes,Propagate from A,2025-09-16T21:26:56.972175
D,TXN-002023-000940,Yes,Propagate from A,2025-09-16T21:26:56.972178
D,CUST-000922,Yes,Propagate from A,2025-09-16T21:26:56.972182
D,PROD-LWA-000445,Yes,Propagate from A,2025-09-16T21:26:56.972186
D,TXN-002023-000880,Yes,Propagate from A,2025-09-16T21:26:56.972189
D,CUST-000930,Yes,Propagate from A,2025-09-16T21:26:56.972193
D,TXN-002023-000574,Yes,Propagate from A,2025-09-16T21:26:56.972198
D,PROD-OFF-000145,Yes,Propagate from A,2025-09-16T21:26:56.972202
D,TXN-002023-000936,Yes,Propagate from A,2025-09-16T21:26:56.972205
D,PROD-LBF-000649,Yes,Propagate from A,2025-09-16T21:26:56.972209
D,PROD-HHP-000899,Yes,Propagate from A,2025-09-16T21:26:56.972213
D,PROD-EBB-000995,Yes,Propagate from A,2025-09-16T21:26:56.972216
D,ORD-140207,Yes,Propagate from A,2025-09-16T21:26:56.972220
D,ORD-717853,Yes,Propagate from A,2025-09-16T21:26:56.972223
D,PROD-TRX-000891,Yes,Propagate from A,2025-09-16T21:26:56.972227
D,TXN-002023-000968,Yes,Propagate from A,2025-09-16T21:26:56.972231
D,PROD-UYE-000979,Yes,Propagate from A,2025-09-16T21:26:56.972235
D,PROD-TJT-000947,Yes,Propagate from A,2025-09-16T21:26:56.972238
D,CUST-000942,Yes,Propagate from A,2025-09-16T21:26:56.972242
D,PROD-XTK-000225,Yes,Propagate from A,2025-09-16T21:26:56.972246
D,CUST-000914,Yes,Propagate from A,2025-09-16T21:26:56.972250
D,TXN-002023-000892,Yes,Propagate from A,2025-09-16T21:26:56.972253
D,PROD-TCQ-000903,Yes,Propagate from A,2025-09-16T21:26:56.972257
D,PROD-FEG-000907,Yes,Propagate from A,2025-09-16T21:26:56.972260
D,ORD-581969,Yes,Propagate from A,2025-09-16T21:26:56.972267
D,ORD-553726,Yes,Propagate from A,2025-09-16T21:26:56.972272
D,ORD-280767,Yes,Propagate from A,2025-09-16T21:26:56.972275
D,PROD-XYJ-000077,Yes,Propagate from A,2025-09-16T21:26:56.972279
D,TXN-002023-000964,Yes,Propagate from A,2025-09-16T21:26:56.972283
D,PROD-QHY-000895,Yes,Propagate from A,2025-09-16T21:26:56.972286
D,PROD-JXT-000033,Yes,Propagate from A,2025-09-16T21:26:56.972290
D,TXN-002023-000358,Yes,Propagate from A,2025-09-16T21:26:56.972294
D,CUST-000934,Yes,Propagate from A,2025-09-16T21:26:56.972297
D,ORD-908653,Yes,Propagate from A,2025-09-16T21:26:56.972301
D,TXN-002023-000932,Yes,Propagate from A,2025-09-16T21:26:56.972304
D,PROD-SJM-000879,Yes,Propagate from A,2025-09-16T21:26:56.972308
D,CUST-000906,Yes,Propagate from A,2025-09-16T21:26:56.972311
D,PROD-HWX-000581,Yes,Propagate from A,2025-09-16T21:26:56.972399
D,TXN-002023-000706,Yes,Propagate from A,2025-09-16T21:26:56.972413
D,TXN-002023-000618,Yes,Propagate from A,2025-09-16T21:26:56.972418
D,ORD-295357,Yes,Propagate from A,2025-09-16T21:26:56.972423
D,CUST-000260,Yes,Propagate from A,2025-09-16T21:26:56.972426
D,CUST-000962,Yes,Propagate from A,2025-09-16T21:26:56.972430
D,CUST-000926,Yes,Propagate from A,2025-09-16T21:26:56.972433
D,ORD-831964,Yes,Propagate from A,2025-09-16T21:26:56.972437
D,ORD-540096,Yes,Propagate from A,2025-09-16T21:26:56.972441
D,PROD-VTS-000625,Yes,Propagate from A,2025-09-16T21:26:56.972444
D,ORD-473771,Yes,Propagate from A,2025-09-16T21:26:56.972448
D,TXN-002023-000666,Yes,Propagate from A,2025-09-16T21:26:56.972451
D,TXN-002023-000912,Yes,Propagate from A,2025-09-16T21:26:56.972455
D,PROD-PMV-000569,Yes,Propagate from A,2025-09-16T21:26:56.972458
D,PROD-ASS-000999,Yes,Propagate from A,2025-09-16T21:26:56.972462
D,ORD-701788,Yes,Propagate from A,2025-09-16T21:26:56.972465
D,TXN-002023-000908,Yes,Propagate from A,2025-09-16T21:26:56.972468
D,ORD-819306,Yes,Propagate from A,2025-09-16T21:26:56.972472
D,ORD-941033,Yes,Propagate from A,2025-09-16T21:26:56.972475
D,CUST-000938,Yes,Propagate from A,2025-09-16T21:26:56.972478
D,TXN-002023-000106,Yes,Propagate from A,2025-09-16T21:26:56.972482
D,CUST-000040-,Yes,Propagate from A,2025-09-16T21:26:56.972485
D,ORD-328688,Yes,Propagate from A,2025-09-16T21:26:56.972489
D,ORD-273766,Yes,Propagate from A,2025-09-16T21:26:56.972492
D,ORD-541641,Yes,Propagate from A,2025-09-16T21:26:56.972495
D,ORD-165599,Yes,Propagate from A,2025-09-16T21:26:56.972499
D,PROD-CHT-000943,Yes,Propagate from A,2025-09-16T21:26:56.972502
D,ORD-249920,Yes,Propagate from A,2025-09-16T21:26:56.972505
D,TXN-002023-000920,Yes,Propagate from A,2025-09-16T21:26:56.972509
D,ORD-429164,Yes,Propagate from A,2025-09-16T21:26:56.972513
D,CUST-000874,Yes,Propagate from A,2025-09-16T21:26:56.972516
D,TXN-002023-000398,Yes,Propagate from A,2025-09-16T21:26:56.972520
D,CUST-000894,Yes,Propagate from A,2025-09-16T21:26:56.972523
D,ORD-750344,Yes,Propagate from A,2025-09-16T21:26:56.972527
D,PROD-PSO-000971,Yes,Propagate from A,2025-09-16T21:26:56.972531
D,ORD-829678,Yes,Propagate from A,2025-09-16T21:26:56.972534
D,TXN-002023-000202,Yes,Propagate from A,2025-09-16T21:26:56.972538
D,ORD-443886,Yes,Propagate from A,2025-09-16T21:26:56.972541
D,ORD-888399,Yes,Propagate from A,2025-09-16T21:26:56.972545
D,ORD-632080,Yes,Propagate from A,2025-09-16T21:26:56.972548
D,TXN-002023-000872,Yes,Propagate from A,2025-09-16T21:26:56.972552
D,CUST-000882,Yes,Propagate from A,2025-09-16T21:26:56.972555
D,ORD-288672,Yes,Propagate from A,2025-09-16T21:26:56.972558
D,CUST-000870,Yes,Propagate from A,2025-09-16T21:26:56.972562
D,CUST-000890,Yes,Propagate from A,2025-09-16T21:26:56.972566
D,TXN-002023-000896,Yes,Propagate from A,2025-09-16T21:26:56.972569
D,PROD-PLN-000939,Yes,Propagate from A,2025-09-16T21:26:56.972572
D,PROD-ROC-000967,Yes,Propagate from A,2025-09-16T21:26:56.972576
D,PROD-HFQ-000951,Yes,Propagate from A,2025-09-16T21:26:56.972579
D,TXN-002023-000318,Yes,Propagate from A,2025-09-16T21:26:56.972582
D,CUST-000990,Yes,Propagate from A,2025-09-16T21:26:56.972586
D,TXN-002023-000876,Yes,Propagate from A,2025-09-16T21:26:56.972589
D,TXN-002023-000390,Yes,Propagate from A,2025-09-16T21:26:56.972593
D,TXN-002023-000948,Yes,Propagate from A,2025-09-16T21:26:56.972596
D,TXN-002023-000884,Yes,Propagate from A,2025-09-16T21:26:56.972599
D,CUST-000528,Yes,Propagate from A,2025-09-16T21:26:56.972603
D,PROD-RRW-000045,Yes,Propagate from A,2025-09-16T21:26:56.972606
D,ORD-438709,Yes,Propagate from A,2025-09-16T21:26:56.972610
D,ORD-207132,Yes,Propagate from A,2025-09-16T21:26:56.972613
D,PROD-WSC-000887,Yes,Propagate from A,2025-09-16T21:26:56.972620
D,TXN-002023-000450,Yes,Propagate from A,2025-09-16T21:26:56.972624
D,CUST-000060,Yes,Propagate from A,2025-09-16T21:26:56.972628
D,ORD-768532,Yes,Propagate from A,2025-09-16T21:26:56.972632
D,ORD-615234,Yes,Propagate from A,2025-09-16T21:26:56.972635
D,CUST-000272,Yes,Propagate from A,2025-09-16T21:26:56.972640
D,PROD-NOO-000963,Yes,Propagate from A,2025-09-16T21:26:56.972643
D,TXN-002023-000960,Yes,Propagate from A,2025-09-16T21:26:56.972647
D,CUST-000998,Yes,Propagate from A,2025-09-16T21:26:56.972651
D,TXN-002023-000086,Yes,Propagate from A,2025-09-16T21:26:56.972654
D,CUST-000994,Yes,Propagate from A,2025-09-16T21:26:56.972658
D,ORD-904551,Yes,Propagate from A,2025-09-16T21:26:56.972661
D,PROD-XBF-000911,Yes,Propagate from A,2025-09-16T21:26:56.972665
D,CUST-000966,Yes,Propagate from A,2025-09-16T21:26:56.972668
D,ORD-521567,Yes,Propagate from A,2025-09-16T21:26:56.972672
D,TXN-002023-000190,Yes,Propagate from A,2025-09-16T21:26:56.972676
D,ORD-201032,Yes,Propagate from A,2025-09-16T21:26:56.972679
D,ORD-808488,Yes,Propagate from A,2025-09-16T21:26:56.972682
D,CUST-000946,Yes,Propagate from A,2025-09-16T21:26:56.972686
D,TXN-002023-000916,Yes,Propagate from A,2025-09-16T21:26:56.972689
D,ORD-117241,Yes,Propagate from A,2025-09-16T21:26:56.972692
D,ORD-376971,Yes,Propagate from A,2025-09-16T21:26:56.972696
D,TXN-002023-000042,Yes,Propagate from A,2025-09-16T21:26:56.972700
D,TXN-002023-000710,Yes,Propagate from A,2025-09-16T21:26:56.972704
D,CUST-000400,Yes,Propagate from A,2025-09-16T21:26:56.972708
D,TXN-002023-000976,Yes,Propagate from A,2025-09-16T21:26:56.972711
D,TXN-002023-000306,Yes,Propagate from A,2025-09-16T21:26:56.972714
D,PROD-GUB-000955,Yes,Propagate from A,2025-09-16T21:26:56.972718
D,TXN-002023-000928,Yes,Propagate from A,2025-09-16T21:26:56.972721
D,CUST-000196,Yes,Propagate from A,2025-09-16T21:26:56.972725
D,PROD-WWT-000935,Yes,Propagate from A,2025-09-16T21:26:56.972729
D,CUST-000974,Yes,Propagate from A,2025-09-16T21:26:56.972733
D,CUST-000112,Yes,Propagate from A,2025-09-16T21:26:56.972738
D,ORD-414923,Yes,Propagate from A,2025-09-16T21:26:56.972741
D,PROD-DRX-000629,Yes,Propagate from A,2025-09-16T21:26:56.972745
D,ORD-476220,Yes,Propagate from A,2025-09-16T21:26:56.972749
D,TXN-002023-000952,Yes,Propagate from A,2025-09-16T21:26:56.972752
D,TXN-002023-000294,Yes,Propagate from A,2025-09-16T21:26:56.972756
D,ORD-671959,Yes,Propagate from A,2025-09-16T21:26:56.972760
D,CUST-000620,Yes,Propagate from A,2025-09-16T21:26:56.972764
D,ORD-374850,Yes,Propagate from A,2025-09-16T21:26:56.972767
D,PROD-PHG-000931,Yes,Propagate from A,2025-09-16T21:26:56.972770
D,CUST-000958,Yes,Propagate from A,2025-09-16T21:26:56.972774
D,PROD-XWI-000991,Yes,Propagate from A,2025-09-16T21:26:56.972777
D,ORD-496195,Yes,Propagate from A,2025-09-16T21:26:56.972781
D,TXN-002023-000924,Yes,Propagate from A,2025-09-16T21:26:56.972786
D,PROD-EVI-000975,Yes,Propagate from A,2025-09-16T21:26:56.972791
D,CUST-000128,Yes,Propagate from A,2025-09-16T21:26:56.972796
D,TXN-002023-000900,Yes,Propagate from A,2025-09-16T21:26:56.972802
D,CUST-000950,Yes,Propagate from A,2025-09-16T21:26:56.972807
D,CUST-000986,Yes,Propagate from A,2025-09-16T21:26:56.972811
D,ORD-687072,Yes,Propagate from A,2025-09-16T21:26:56.972816
D,CUST-000700,Yes,Propagate from A,2025-09-16T21:26:56.972820
D,PROD-INO-000105,Yes,Propagate from A,2025-09-16T21:26:56.972823
D,PROD-JOJ-000337,Yes,Propagate from A,2025-09-16T21:26:56.972828
D,TXN-002023-000904,Yes,Propagate from A,2025-09-16T21:26:56.972832
D,TXN-002023-000996,Yes,Propagate from A,2025-09-16T21:26:56.972837
D,ORD-548067,Yes,Propagate from A,2025-09-16T21:26:56.972843
D,CUST-000264,Yes,Propagate from A,2025-09-16T21:26:56.972848
D,ORD-517348,Yes,Propagate from A,2025-09-16T21:26:56.972856
D,CUST-000918,Yes,Propagate from A,2025-09-16T21:26:56.972861
D,CUST-000512,Yes,Propagate from A,2025-09-16T21:26:56.972868
D,ORD-194831,Yes,Propagate from A,2025-09-16T21:26:56.972874
D,TXN-002023-000046,Yes,Propagate from A,2025-09-16T21:26:56.972879
D,ORD-149914,Yes,Propagate from A,2025-09-16T21:26:56.972884
D,PROD-BPF-000927,Yes,Propagate from A,2025-09-16T21:26:56.972888
D,ORD-240967,Yes,Propagate from A,2025-09-16T21:26:56.972892
D,PROD-TNZ-000983,Yes,Propagate from A,2025-09-16T21:26:56.972895
D,PROD-NEK-000709,Yes,Propagate from A,2025-09-16T21:26:56.972899
D,TXN-002023-000514,Yes,Propagate from A,2025-09-16T21:26:56.972903
D,CUST-000902,Yes,Propagate from A,2025-09-16T21:26:56.972906
D,TXN-002023-000354,Yes,Propagate from A,2025-09-16T21:26:56.972910
D,TXN-002023-000980,Yes,Propagate from A,2025-09-16T21:26:56.972913
D,PROD-ZQC-000875,Yes,Propagate from A,2025-09-16T21:26:56.972917
D,ORD-849677,Yes,Propagate from A,2025-09-16T21:26:56.972921
D,ORD-453835,Yes,Propagate from A,2025-09-16T21:26:56.972924
D,TXN-002023-000972,Yes,Propagate from A,2025-09-16T21:26:56.972928
D,PROD-URC-000987,Yes,Propagate from A,2025-09-16T21:26:56.972931
D,TXN-002023-000988,Yes,Propagate from A,2025-09-16T21:26:56.972935
D,CUST-000472,Yes,Propagate from A,2025-09-16T21:26:56.972939
E,CUST-000396,Yes,Propagate from A,2025-09-16T21:26:56.972950
E,CUST-000910,Yes,Propagate from A,2025-09-16T21:26:56.972955
E,CUST-000898,Yes,Propagate from A,2025-09-16T21:26:56.972959
E,CUST-000416,Yes,Propagate from A,2025-09-16T21:26:56.972963
E,TXN-002023-000992,Yes,Propagate from A,2025-09-16T21:26:56.972966
E,CUST-000970,Yes,Propagate from A,2025-09-16T21:26:56.972970
E,CUST-000600,Yes,Propagate from A,2025-09-16T21:26:56.972974
E,CUST-000886,Yes,Propagate from A,2025-09-16T21:26:56.972978
E,CUST-000982,Yes,Propagate from A,2025-09-16T21:26:56.972982
E,ORD-638346,Yes,Propagate from A,2025-09-16T21:26:56.972985
E,TXN-002023-000154,Yes,Propagate from A,2025-09-16T21:26:56.972989
E,ORD-221648,Yes,Propagate from A,2025-09-16T21:26:56.972992
E,TXN-002023-000940,Yes,Propagate from A,2025-09-16T21:26:56.972996
E,CUST-000922,Yes,Propagate from A,2025-09-16T21:26:56.972999
E,TXN-002023-000880,Yes,Propagate from A,2025-09-16T21:26:56.973002
E,CUST-000930,Yes,Propagate from A,2025-09-16T21:26:56.973006
E,PROD-DMI-000509,Yes,Propagate from A,2025-09-16T21:26:56.973009
E,TXN-002023-000936,Yes,Propagate from A,2025-09-16T21:26:56.973013
E,PROD-KIT-000161,Yes,Propagate from A,2025-09-16T21:26:56.973017
E,CUST-000368,Yes,Propagate from A,2025-09-16T21:26:56.973020
E,PROD-HHP-000899,Yes,Propagate from A,2025-09-16T21:26:56.973024
E,PROD-BTQ-000249,Yes,Propagate from A,2025-09-16T21:26:56.973027
E,CUST-000668,Yes,Propagate from A,2025-09-16T21:26:56.973031
E,PROD-EBB-000995,Yes,Propagate from A,2025-09-16T21:26:56.973034
E,PROD-VAJ-000253,Yes,Propagate from A,2025-09-16T21:26:56.973038
E,ORD-406488,Yes,Propagate from A,2025-09-16T21:26:56.973041
E,PROD-KII-000165,Yes,Propagate from A,2025-09-16T21:26:56.973045
E,TXN-002023-000238,Yes,Propagate from A,2025-09-16T21:26:56.973048
E,ORD-717853,Yes,Propagate from A,2025-09-16T21:26:56.973052
E,PROD-TRX-000891,Yes,Propagate from A,2025-09-16T21:26:56.973056
E,TXN-002023-000968,Yes,Propagate from A,2025-09-16T21:26:56.973059
E,PROD-UYE-000979,Yes,Propagate from A,2025-09-16T21:26:56.973063
E,PROD-TJT-000947,Yes,Propagate from A,2025-09-16T21:26:56.973066
E,CUST-000942,Yes,Propagate from A,2025-09-16T21:26:56.973070
E,CUST-000914,Yes,Propagate from A,2025-09-16T21:26:56.973074
E,TXN-002023-000892,Yes,Propagate from A,2025-09-16T21:26:56.973078
E,PROD-TCQ-000903,Yes,Propagate from A,2025-09-16T21:26:56.973082
E,PROD-FTP-000149,Yes,Propagate from A,2025-09-16T21:26:56.973085
E,PROD-FEG-000907,Yes,Propagate from A,2025-09-16T21:26:56.973089
E,ORD-280767,Yes,Propagate from A,2025-09-16T21:26:56.973093
E,PROD-XYJ-000077,Yes,Propagate from A,2025-09-16T21:26:56.973097
E,PROD-OLK-000601,Yes,Propagate from A,2025-09-16T21:26:56.973101
E,TXN-002023-000964,Yes,Propagate from A,2025-09-16T21:26:56.973104
E,TXN-002023-000342,Yes,Propagate from A,2025-09-16T21:26:56.973109
E,ORD-960746,Yes,Propagate from A,2025-09-16T21:26:56.973113
E,PROD-QHY-000895,Yes,Propagate from A,2025-09-16T21:26:56.973118
E,CUST-000934,Yes,Propagate from A,2025-09-16T21:26:56.973123
E,ORD-908653,Yes,Propagate from A,2025-09-16T21:26:56.973127
E,TXN-002023-000932,Yes,Propagate from A,2025-09-16T21:26:56.973131
E,PROD-SJM-000879,Yes,Propagate from A,2025-09-16T21:26:56.973136
E,CUST-000906,Yes,Propagate from A,2025-09-16T21:26:56.973139
E,TXN-002023-000706,Yes,Propagate from A,2025-09-16T21:26:56.973145
E,CUST-000962,Yes,Propagate from A,2025-09-16T21:26:56.973149
E,CUST-000926,Yes,Propagate from A,2025-09-16T21:26:56.973153
E,ORD-873428,Yes,Propagate from A,2025-09-16T21:26:56.973157
E,TXN-002023-000912,Yes,Propagate from A,2025-09-16T21:26:56.973161
E,PROD-PMV-000569,Yes,Propagate from A,2025-09-16T21:26:56.973168
E,PROD-ASS-000999,Yes,Propagate from A,2025-09-16T21:26:56.973173
E,ORD-701788,Yes,Propagate from A,2025-09-16T21:26:56.973177
E,TXN-002023-000908,Yes,Propagate from A,2025-09-16T21:26:56.973180
E,CUST-000938,Yes,Propagate from A,2025-09-16T21:26:56.973184
E,CUST-000040-,Yes,Propagate from A,2025-09-16T21:26:56.973188
E,ORD-328688,Yes,Propagate from A,2025-09-16T21:26:56.973193
E,TXN-002023-000742,Yes,Propagate from A,2025-09-16T21:26:56.973197
E,ORD-423940,Yes,Propagate from A,2025-09-16T21:26:56.973201
E,TXN-002023-000470,Yes,Propagate from A,2025-09-16T21:26:56.973205
E,PROD-CHT-000943,Yes,Propagate from A,2025-09-16T21:26:56.973208
E,ORD-165599,Yes,Propagate from A,2025-09-16T21:26:56.973212
E,ORD-249920,Yes,Propagate from A,2025-09-16T21:26:56.973216
E,TXN-002023-000920,Yes,Propagate from A,2025-09-16T21:26:56.973220
E,TXN-002023-000458,Yes,Propagate from A,2025-09-16T21:26:56.973224
E,ORD-429164,Yes,Propagate from A,2025-09-16T21:26:56.973228
E,CUST-000874,Yes,Propagate from A,2025-09-16T21:26:56.973233
E,TXN-002023-000398,Yes,Propagate from A,2025-09-16T21:26:56.973238
E,CUST-000894,Yes,Propagate from A,2025-09-16T21:26:56.973241
E,TXN-002023-000022,Yes,Propagate from A,2025-09-16T21:26:56.973245
E,PROD-LOE-000093,Yes,Propagate from A,2025-09-16T21:26:56.973249
E,ORD-169572,Yes,Propagate from A,2025-09-16T21:26:56.973252
E,CUST-000056,Yes,Propagate from A,2025-09-16T21:26:56.973256
E,PROD-PSO-000971,Yes,Propagate from A,2025-09-16T21:26:56.973260
E,ORD-829678,Yes,Propagate from A,2025-09-16T21:26:56.973263
E,TXN-002023-000202,Yes,Propagate from A,2025-09-16T21:26:56.973267
E,ORD-823883,Yes,Propagate from A,2025-09-16T21:26:56.973270
E,TXN-002023-000726,Yes,Propagate from A,2025-09-16T21:26:56.973275
E,ORD-443886,Yes,Propagate from A,2025-09-16T21:26:56.973278
E,ORD-888399,Yes,Propagate from A,2025-09-16T21:26:56.973282
E,ORD-632080,Yes,Propagate from A,2025-09-16T21:26:56.973734
E,TXN-002023-000872,Yes,Propagate from A,2025-09-16T21:26:56.973776
E,CUST-000882,Yes,Propagate from A,2025-09-16T21:26:56.973787
E,CUST-000870,Yes,Propagate from A,2025-09-16T21:26:56.973791
E,CUST-000890,Yes,Propagate from A,2025-09-16T21:26:56.973795
E,TXN-002023-000896,Yes,Propagate from A,2025-09-16T21:26:56.973799
E,TXN-002023-000026,Yes,Propagate from A,2025-09-16T21:26:56.973803
E,PROD-PLN-000939,Yes,Propagate from A,2025-09-16T21:26:56.973806
E,PROD-ROC-000967,Yes,Propagate from A,2025-09-16T21:26:56.973810
E,PROD-HFQ-000951,Yes,Propagate from A,2025-09-16T21:26:56.973814
E,CUST-000990,Yes,Propagate from A,2025-09-16T21:26:56.973817
E,ORD-161189,Yes,Propagate from A,2025-09-16T21:26:56.973821
E,TXN-002023-000334,Yes,Propagate from A,2025-09-16T21:26:56.973824
E,TXN-002023-000876,Yes,Propagate from A,2025-09-16T21:26:56.973828
E,ORD-504982,Yes,Propagate from A,2025-09-16T21:26:56.973831
E,TXN-002023-000390,Yes,Propagate from A,2025-09-16T21:26:56.973835
E,TXN-002023-000948,Yes,Propagate from A,2025-09-16T21:26:56.973838
E,CUST-000076,Yes,Propagate from A,2025-09-16T21:26:56.974084
E,CUST-000680,Yes,Propagate from A,2025-09-16T21:26:56.974097
E,CUST-000432,Yes,Propagate from A,2025-09-16T21:26:56.974103
E,TXN-002023-000884,Yes,Propagate from A,2025-09-16T21:26:56.974106
E,PROD-RRW-000045,Yes,Propagate from A,2025-09-16T21:26:56.974110
E,ORD-438709,Yes,Propagate from A,2025-09-16T21:26:56.974113
E,ORD-207132,Yes,Propagate from A,2025-09-16T21:26:56.974117
E,PROD-WSC-000887,Yes,Propagate from A,2025-09-16T21:26:56.974121
E,ORD-768532,Yes,Propagate from A,2025-09-16T21:26:56.974124
E,ORD-615234,Yes,Propagate from A,2025-09-16T21:26:56.974128
E,CUST-000272,Yes,Propagate from A,2025-09-16T21:26:56.974131
E,ORD-766045,Yes,Propagate from A,2025-09-16T21:26:56.974135
E,PROD-NOO-000963,Yes,Propagate from A,2025-09-16T21:26:56.974138
E,TXN-002023-000438,Yes,Propagate from A,2025-09-16T21:26:56.974142
E,TXN-002023-000960,Yes,Propagate from A,2025-09-16T21:26:56.974145
E,CUST-000998,Yes,Propagate from A,2025-09-16T21:26:56.974148
E,CUST-000994,Yes,Propagate from A,2025-09-16T21:26:56.974152
E,CUST-000966,Yes,Propagate from A,2025-09-16T21:26:56.974156
E,PROD-XBF-000911,Yes,Propagate from A,2025-09-16T21:26:56.974159
E,ORD-222664,Yes,Propagate from A,2025-09-16T21:26:56.974162
E,ORD-521567,Yes,Propagate from A,2025-09-16T21:26:56.974165
E,ORD-939225,Yes,Propagate from A,2025-09-16T21:26:56.974169
E,ORD-751605,Yes,Propagate from A,2025-09-16T21:26:56.974173
E,ORD-201032,Yes,Propagate from A,2025-09-16T21:26:56.974176
E,PROD-MAQ-000189,Yes,Propagate from A,2025-09-16T21:26:56.974180
E,ORD-352792,Yes,Propagate from A,2025-09-16T21:26:56.974183
E,CUST-000946,Yes,Propagate from A,2025-09-16T21:26:56.974186
E,TXN-002023-000916,Yes,Propagate from A,2025-09-16T21:26:56.974189
E,ORD-117241,Yes,Propagate from A,2025-09-16T21:26:56.974193
E,ORD-376971,Yes,Propagate from A,2025-09-16T21:26:56.974196
E,CUST-000728,Yes,Propagate from A,2025-09-16T21:26:56.974200
E,CUST-000552,Yes,Propagate from A,2025-09-16T21:26:56.974203
E,TXN-002023-000976,Yes,Propagate from A,2025-09-16T21:26:56.974206
E,CUST-000356,Yes,Propagate from A,2025-09-16T21:26:56.974210
E,PROD-GUB-000955,Yes,Propagate from A,2025-09-16T21:26:56.974213
E,TXN-002023-000928,Yes,Propagate from A,2025-09-16T21:26:56.974216
E,PROD-DGO-000329,Yes,Propagate from A,2025-09-16T21:26:56.974219
E,PROD-WWT-000935,Yes,Propagate from A,2025-09-16T21:26:56.974222
E,CUST-000974,Yes,Propagate from A,2025-09-16T21:26:56.974225
E,ORD-414923,Yes,Propagate from A,2025-09-16T21:26:56.974348
E,ORD-476220,Yes,Propagate from A,2025-09-16T21:26:56.974365
E,ORD-546300,Yes,Propagate from A,2025-09-16T21:26:56.974369
E,TXN-002023-000952,Yes,Propagate from A,2025-09-16T21:26:56.974373
E,ORD-671959,Yes,Propagate from A,2025-09-16T21:26:56.974376
E,ORD-374850,Yes,Propagate from A,2025-09-16T21:26:56.974379
E,PROD-PHG-000931,Yes,Propagate from A,2025-09-16T21:26:56.974383
E,ORD-999364,Yes,Propagate from A,2025-09-16T21:26:56.974386
E,CUST-000958,Yes,Propagate from A,2025-09-16T21:26:56.974389
E,PROD-XWI-000991,Yes,Propagate from A,2025-09-16T21:26:56.974393
E,ORD-496195,Yes,Propagate from A,2025-09-16T21:26:56.974396
E,TXN-002023-000924,Yes,Propagate from A,2025-09-16T21:26:56.974399
E,PROD-EVI-000975,Yes,Propagate from A,2025-09-16T21:26:56.974402
E,CUST-000986,Yes,Propagate from A,2025-09-16T21:26:56.974406
E,TXN-002023-000900,Yes,Propagate from A,2025-09-16T21:26:56.974409
E,CUST-000950,Yes,Propagate from A,2025-09-16T21:26:56.974412
E,CUST-000232,Yes,Propagate from A,2025-09-16T21:26:56.974415
E,PROD-JOJ-000337,Yes,Propagate from A,2025-09-16T21:26:56.974418
E,TXN-002023-000904,Yes,Propagate from A,2025-09-16T21:26:56.974421
E,TXN-002023-000996,Yes,Propagate from A,2025-09-16T21:26:56.974425
E,ORD-548067,Yes,Propagate from A,2025-09-16T21:26:56.974429
E,ORD-517348,Yes,Propagate from A,2025-09-16T21:26:56.974433
E,CUST-000918,Yes,Propagate from A,2025-09-16T21:26:56.974436
E,CUST-000512,Yes,Propagate from A,2025-09-16T21:26:56.974440
E,ORD-194831,Yes,Propagate from A,2025-09-16T21:26:56.974443
E,ORD-149914,Yes,Propagate from A,2025-09-16T21:26:56.974447
E,PROD-THE-000733,Yes,Propagate from A,2025-09-16T21:26:56.974450
E,ORD-111326,Yes,Propagate from A,2025-09-16T21:26:56.974457
E,PROD-BPF-000927,Yes,Propagate from A,2025-09-16T21:26:56.974461
E,ORD-716796,Yes,Propagate from A,2025-09-16T21:26:56.974464
E,PROD-TNZ-000983,Yes,Propagate from A,2025-09-16T21:26:56.974468
E,PROD-MUE-000665,Yes,Propagate from A,2025-09-16T21:26:56.974471
E,TXN-002023-000070,Yes,Propagate from A,2025-09-16T21:26:56.974475
E,PROD-ASG-000433,Yes,Propagate from A,2025-09-16T21:26:56.974478
E,CUST-000316,Yes,Propagate from A,2025-09-16T21:26:56.974482
E,CUST-000902,Yes,Propagate from A,2025-09-16T21:26:56.974486
E,TXN-002023-000980,Yes,Propagate from A,2025-09-16T21:26:56.974489
E,PROD-ZQC-000875,Yes,Propagate from A,2025-09-16T21:26:56.974493
E,ORD-453835,Yes,Propagate from A,2025-09-16T21:26:56.974496
E,TXN-002023-000234,Yes,Propagate from A,2025-09-16T21:26:56.974500
E,TXN-002023-000972,Yes,Propagate from A,2025-09-16T21:26:56.974503
E,PROD-URC-000987,Yes,Propagate from A,2025-09-16T21:26:56.974507
E,TXN-002023-000988,Yes,Propagate from A,2025-09-16T21:26:56.974510
E,TXN-002023-000638,Yes,Propagate from A,2025-09-16T21:26:56.974513
E,PROD-FPG-000233,Yes,Propagate from A,2025-09-16T21:26:56.974516
